INSERT INTO category(id, name, description, version) VALUES (1000, 'samsung', 'Samsung offre une large gamme de produits electroniques avec une technologie de pointe: Smartphones, Tablettes, TV, electromenager et d autres', 1)
INSERT INTO category(id, name, description, version) VALUES (1001, 'iphone', 'Explorez tous les aspects de l iPhone, l appareil personnel le plus puissant au monde. Decouvrez les nouveaux iPhone 11 et iPhone 11 Pro.', 1)
INSERT INTO category(id, name, description, version) VALUES (1002, 'huawei', 'Explorez les derniers smartphones HUAWEI. Découvrez les series HUAWEI Mate 30, HUAWEI P30, HUAWEI nova, HUAWEI Y9', 1)
INSERT INTO category(id, name, description, version) VALUES (1003, 'sony', ' Decouvrez les produits de haute qualite Sony et la technologie qui les anime, obtenez un acces instantane a notre magasin et a Entertainment Network.', 1)
INSERT INTO category(id, name, description, version) VALUES (1004, 'xiaomi', 'Decouvrez la gamme Xiaomi de toutes categories et consultez nos comparatifs, tests et fiche technique sur FrAndroid.', 1)


INSERT INTO product(id, name, description, category_fk, version) VALUES (1000, 'galaxy note', 'Avec Galaxy Note, nous avons concu une experience mobile qui ressemble a un ordinateur, une console de jeu, une camera de cinema et un stylet intelligent, le tout dans un seul appareil.', 1000, 1)
INSERT INTO product(id, name, description, category_fk, version) VALUES (1001, 'galaxy A', 'l ecran qui donne une autre vision au monde', 1000, 1)
INSERT INTO product(id, name, description, category_fk, version) VALUES (1002, 'galaxy S', 'Decouvrez l equilibre parfait entre design et fonctionnalites avec les smartphones Samsung Galaxy S.', 1000, 1)
INSERT INTO product(id, name, description, category_fk, version) VALUES (1003, 'galaxy M', 'Le tout dernier smartphone Galaxy M avec ecran Infinity, appareil photo ultra grand angle, charge 3 x plus rapide', 1000, 1)
INSERT INTO product(id, name, description, category_fk, version) VALUES (1004, 'iphone 11', ' Double appareil photo avec ultra grand‑angle et mode Nuit. Autonomie d une journee. Six coloris. Puce A13 Bionic, la plus rapide a ce jour.', 1001, 1)
INSERT INTO product(id, name, description, category_fk, version) VALUES (1005, 'iphone X', 'Double appareil photo avec ultra grand angle et mode Nuit. Autonomie d une journee. Six coloris. Puce A13 Bionic, la plus rapide a ce jour.', 1001, 1)
INSERT INTO product(id, name, description, category_fk, version) VALUES (1006, 'iphone 8', 'Double appareil photo avec ultra grand angle et mode Nuit. Autonomie d une journee. Six coloris. Puce A13 Bionic, la plus rapide a ce jour.', 1001, 1)
INSERT INTO product(id, name, description, category_fk, version) VALUES (1007, 'iphone 7', 'Double appareil photo avec ultra grand angle et mode Nuit. Autonomie d une journee. Six coloris. Puce A13 Bionic, la plus rapide a ce jour.', 1001, 1)
INSERT INTO product(id, name, description, category_fk, version) VALUES (1008, 'iphone XS', 'Double appareil photo avec ultra grand angle et mode Nuit. Autonomie d une journee. Six coloris. Puce A13 Bionic, la plus rapide a ce jour.', 1001, 1)
INSERT INTO product(id, name, description, category_fk, version) VALUES (1009, 'iphone 6', 'Double appareil photo avec ultra grand angle et mode Nuit. Autonomie d une journee. Six coloris. Puce A13 Bionic, la plus rapide a ce jour.', 1001, 1)
INSERT INTO product(id, name, description, category_fk, version) VALUES (1010, 'huawei mat30', 'Decouvrez toute la gamme de Téléphones Android Huawei en vente en ligne ', 1002, 1)
INSERT INTO product(id, name, description, category_fk, version) VALUES (1011, 'huawei y9', 'Decouvrez toute la gamme de Telephones Android Huawei en vente en ligne ', 1002, 1)
INSERT INTO product(id, name, description, category_fk, version) VALUES (1012, 'sony xperia Z', 'Decouvrez toute la gamme de Telephones Android sony en vente en ligne ', 1003, 1)
INSERT INTO product(id, name, description, category_fk, version) VALUES (1013, 'sony xperia XZ', 'Decouvrez toute la gamme de Telephones Android sony en vente en ligne ', 1003, 1)
INSERT INTO product(id, name, description, category_fk, version) VALUES (1014, 'xiaomi redmi', 'Decouvrez toute la gamme de Telephones Android xiamo en vente en ligne ', 1004, 1)
INSERT INTO product(id, name, description, category_fk, version) VALUES (1015, 'xiaomi mi note', 'Decouvrez toute la gamme de Telephones Android xiamo en vente en ligne ', 1004, 1)


INSERT INTO item(id, name, unit_cost, image_path, product_fk, description, version) VALUES (1000, 'Note 10', 300.00, 'phone1.jpg', 1000, 'Conception incroyablement mince Metal et verre de qualite fusionnes dans un design fin spectaculaire.', 1)
INSERT INTO item(id, name, unit_cost, image_path, product_fk, description, version) VALUES (1001, 'Note 10+', 300.00, 'phone1.jpg', 1000, 'Affichage cinematique Infinity O Avec un objectif minuscule de camera frontale, l ecran est un AMOLED dynamique brillant dans toutes les conditions.', 1)
INSERT INTO item(id, name, unit_cost, image_path, product_fk, description, version) VALUES (1002, 'galaxy A50', 320.00, 'phone2.jpg', 1001, 'Conception incroyablement mince Metal et verre de qualite fusionnes dans un design fin spectaculaire', 1)
INSERT INTO item(id, name, unit_cost, image_path, product_fk, description, version) VALUES (1003, 'galaxy A30', 320.00, 'phone2.jpg', 1001, 'Conception incroyablement mince Metal et verre de qualite fusionnes dans un design fin spectaculaire', 1)
INSERT INTO item(id, name, unit_cost, image_path, product_fk, description, version) VALUES (1004, 'galaxy S10', 300.00, 'phone3.jpg', 1002, 'Conception incroyablement mince Metal et verre de qualite fusionnes dans un design fin spectaculaire', 1)
INSERT INTO item(id, name, unit_cost, image_path, product_fk, description, version) VALUES (1005, 'galaxy S10+', 300.00, 'phone3.jpg', 1002, 'Conception incroyablement mince Metal et verre de qualite fusionnes dans un design fin spectaculaire', 1)
INSERT INTO item(id, name, unit_cost, image_path, product_fk, description, version) VALUES (1006, 'galaxy M30', 300.00, 'phone4.jpg', 1003, 'Conception incroyablement mince Metal et verre de qualite fusionnes dans un design fin spectaculaire', 1)
INSERT INTO item(id, name, unit_cost, image_path, product_fk, description, version) VALUES (1007, 'galaxy M10', 300.00, 'phone4.jpg', 1003, 'Conception incroyablement mince Metal et verre de qualite fusionnes dans un design fin spectaculaire', 1)
INSERT INTO item(id, name, unit_cost, image_path, product_fk, description, version) VALUES (1008, 'iphone 11 Pro', 300.00, 'phone5.jpg', 1004, 'Conception incroyablement mince Metal et verre de qualite fusionnes dans un design fin spectaculaire', 1)
INSERT INTO item(id, name, unit_cost, image_path, product_fk, description, version) VALUES (1009, 'iphone 11', 300.00, 'phone5.jpg', 1004, 'Conception incroyablement mince Metal et verre de qualite fusionnes dans un design fin spectaculaire', 1)
INSERT INTO item(id, name, unit_cost, image_path, product_fk, description, version) VALUES (1010, 'iphone XR', 300.00, 'phone6.jpg', 1005, 'Conception incroyablement mince Metal et verre de qualite fusionnes dans un design fin spectaculaire', 1)
INSERT INTO item(id, name, unit_cost, image_path, product_fk, description, version) VALUES (1011, 'iphone X', 300.00, 'phone6.jpg', 1005, 'Conception incroyablement mince Metal et verre de qualite fusionnes dans un design fin spectaculaire', 1)
INSERT INTO item(id, name, unit_cost, image_path, product_fk, description, version) VALUES (1012, 'iphone 8plus', 300.00, 'phone7.jpg', 1006, 'Conception incroyablement mince Metal et verre de qualite fusionnes dans un design fin spectaculaire', 1)
INSERT INTO item(id, name, unit_cost, image_path, product_fk, description, version) VALUES (1013, 'iphone 8', 300.00, 'phone7.jpg', 1006, 'Conception incroyablement mince Metal et verre de qualite fusionnes dans un design fin spectaculaire', 1)
INSERT INTO item(id, name, unit_cost, image_path, product_fk, description, version) VALUES (1014, 'iphone 7plus', 300.00, 'phone8.jpg', 1007, 'Conception incroyablement mince Metal et verre de qualite fusionnes dans un design fin spectaculaire', 1)
INSERT INTO item(id, name, unit_cost, image_path, product_fk, description, version) VALUES (1015, 'iphone 7', 300.00, 'phone8.jpg', 1007, 'Conception incroyablement mince Metal et verre de qualite fusionnes dans un design fin spectaculaire', 1)
INSERT INTO item(id, name, unit_cost, image_path, product_fk, description, version) VALUES (1016, 'iphone XS', 300.00, 'phone9.jpg', 1008, 'Conception incroyablement mince Metal et verre de qualite fusionnes dans un design fin spectaculaire', 1)
INSERT INTO item(id, name, unit_cost, image_path, product_fk, description, version) VALUES (1017, 'iphone XS MAX', 300.00, 'phone9.jpg', 1008, 'Conception incroyablement mince Metal et verre de qualite fusionnes dans un design fin spectaculaire', 1)
INSERT INTO item(id, name, unit_cost, image_path, product_fk, description, version) VALUES (1018, 'iphone 6plus', 300.00, 'phone10.jpg', 1009, 'Conception incroyablement mince Metal et verre de qualite fusionnes dans un design fin spectaculaire', 1)
INSERT INTO item(id, name, unit_cost, image_path, product_fk, description, version) VALUES (1019, 'iphone 6', 300.00, 'phone10.jpg', 1009, 'Conception incroyablement mince Metal et verre de qualite fusionnes dans un design fin spectaculaire', 1)
INSERT INTO item(id, name, unit_cost, image_path, product_fk, description, version) VALUES (1020, 'huawei mat30 Pro', 300.00, 'phone11.jpg', 1010, 'Conception incroyablement mince Metal et verre de qualite fusionnes dans un design fin spectaculaire', 1)
INSERT INTO item(id, name, unit_cost, image_path, product_fk, description, version) VALUES (1021, 'huawei mat30', 300.00, 'phone11.jpg', 1010, 'Conception incroyablement mince Metal et verre de qualite fusionnes dans un design fin spectaculaire', 1)
INSERT INTO item(id, name, unit_cost, image_path, product_fk, description, version) VALUES (1022, 'huawei y9 Prime', 350.00, 'phone12.jpg', 1011, 'Conception incroyablement mince Metal et verre de qualite fusionnes dans un design fin spectaculaire', 1)
INSERT INTO item(id, name, unit_cost, image_path, product_fk, description, version) VALUES (1023, 'huawei y9', 360.00, 'phone12.jpg', 1011, 'Conception incroyablement mince Metal et verre de qualite fusionnes dans un design fin spectaculaire', 1)
INSERT INTO item(id, name, unit_cost, image_path, product_fk, description, version) VALUES (1024, 'sony xperia Z5 compact', 300.00, 'phone13.jpg', 1012, 'Conception incroyablement mince Metal et verre de qualite fusionnes dans un design fin spectaculaire', 1)
INSERT INTO item(id, name, unit_cost, image_path, product_fk, description, version) VALUES (1025, 'sony xperia Z5', 320.00, 'phone13.jpg', 1012, 'Conception incroyablement mince Metal et verre de qualite fusionnes dans un design fin spectaculaire', 1)
INSERT INTO item(id, name, unit_cost, image_path, product_fk, description, version) VALUES (1026, 'sony xperia XZ compact', 370.00, 'phone14.jpg', 1013, 'Conception incroyablement mince Metal et verre de qualite fusionnes dans un design fin spectaculaire', 1)
INSERT INTO item(id, name, unit_cost, image_path, product_fk, description, version) VALUES (1027, 'sony xperia XZ', 390.00, 'phone14.jpg', 1013, 'Conception incroyablement mince Metal et verre de qualite fusionnes dans un design fin spectaculaire', 1)
INSERT INTO item(id, name, unit_cost, image_path, product_fk, description, version) VALUES (1028, 'xiaomi redmi note8', 320.00, 'phone15.jpg', 1014, 'Conception incroyablement mince Metal et verre de qualite fusionnes dans un design fin spectaculaire', 1)
INSERT INTO item(id, name, unit_cost, image_path, product_fk, description, version) VALUES (1029, 'xiaomi redmi8 ', 320.00, 'phone15.jpg', 1014, 'Conception incroyablement mince Metal et verre de qualite fusionnes dans un design fin spectaculaire', 1)
INSERT INTO item(id, name, unit_cost, image_path, product_fk, description, version) VALUES (1030, 'xiaomi mi note 10pro', 375.00, 'phone16.jpg', 1015, 'Conception incroyablement mince Metal et verre de qualite fusionnes dans un design fin spectaculaire', 1)
INSERT INTO item(id, name, unit_cost, image_path, product_fk, description, version) VALUES (1031, 'xiaomi mi note 10', 380.00, 'phone16.jpg', 1015, 'Conception incroyablement mince Metal et verre de qualite fusionnes dans un design fin spectaculaire', 1)


INSERT INTO country(id, iso_code, name, printable_name, iso3, numcode, version) VALUES (1000, 'AF','AFGHANISTAN','Afghanistan','AFG','004', 1)
INSERT INTO country(id, iso_code, name, printable_name, iso3, numcode, version) VALUES (1001, 'AL','ALBANIA','Albania','ALB','008', 1)
INSERT INTO country(id, iso_code, name, printable_name, iso3, numcode, version) VALUES (1002, 'DZ','ALGERIA','Algeria','DZA','012', 1)
INSERT INTO country(id, iso_code, name, printable_name, iso3, numcode, version) VALUES (1003, 'AS','AMERICAN SAMOA','American Samoa','ASM','016', 1)
INSERT INTO country(id, iso_code, name, printable_name, iso3, numcode, version) VALUES (1004, 'AD','ANDORRA','Andorra','AND','020', 1)
INSERT INTO country(id, iso_code, name, printable_name, iso3, numcode, version) VALUES (1005, 'AO','ANGOLA','Angola','AGO','024', 1)
INSERT INTO country(id, iso_code, name, printable_name, iso3, numcode, version) VALUES (1006, 'AI','ANGUILLA','Anguilla','AIA','660', 1)
INSERT INTO country(id, iso_code, name, printable_name, iso3, numcode, version) VALUES (1008, 'AG','ANTIGUA AND BARBUDA','Antigua and Barbuda','ATG','028', 1)
INSERT INTO country(id, iso_code, name, printable_name, iso3, numcode, version) VALUES (1009, 'AR','ARGENTINA','Argentina','ARG','032', 1)
INSERT INTO country(id, iso_code, name, printable_name, iso3, numcode, version) VALUES (1010, 'AM','ARMENIA','Armenia','ARM','051', 1)
INSERT INTO country(id, iso_code, name, printable_name, iso3, numcode, version) VALUES (1011, 'AW','ARUBA','Aruba','ABW','533', 1)
INSERT INTO country(id, iso_code, name, printable_name, iso3, numcode, version) VALUES (1012, 'AU','AUSTRALIA','Australia','AUS','036', 1)
INSERT INTO country(id, iso_code, name, printable_name, iso3, numcode, version) VALUES (1013, 'AT','AUSTRIA','Austria','AUT','040', 1)
INSERT INTO country(id, iso_code, name, printable_name, iso3, numcode, version) VALUES (1014, 'AZ','AZERBAIJAN','Azerbaijan','AZE','031', 1)
INSERT INTO country(id, iso_code, name, printable_name, iso3, numcode, version) VALUES (1015, 'BS','BAHAMAS','Bahamas','BHS','044', 1)
INSERT INTO country(id, iso_code, name, printable_name, iso3, numcode, version) VALUES (1016, 'BH','BAHRAIN','Bahrain','BHR','048', 1)
INSERT INTO country(id, iso_code, name, printable_name, iso3, numcode, version) VALUES (1017, 'BD','BANGLADESH','Bangladesh','BGD','050', 1)
INSERT INTO country(id, iso_code, name, printable_name, iso3, numcode, version) VALUES (1018, 'BB','BARBADOS','Barbados','BRB','052', 1)
INSERT INTO country(id, iso_code, name, printable_name, iso3, numcode, version) VALUES (1019, 'BY','BELARUS','Belarus','BLR','112', 1)
INSERT INTO country(id, iso_code, name, printable_name, iso3, numcode, version) VALUES (1020, 'BE','BELGIUM','Belgium','BEL','056', 1)
INSERT INTO country(id, iso_code, name, printable_name, iso3, numcode, version) VALUES (1021, 'BZ','BELIZE','Belize','BLZ','084', 1)
INSERT INTO country(id, iso_code, name, printable_name, iso3, numcode, version) VALUES (1022, 'BJ','BENIN','Benin','BEN','204', 1)
INSERT INTO country(id, iso_code, name, printable_name, iso3, numcode, version) VALUES (1023, 'BM','BERMUDA','Bermuda','BMU','060', 1)
INSERT INTO country(id, iso_code, name, printable_name, iso3, numcode, version) VALUES (1024, 'BT','BHUTAN','Bhutan','BTN','064', 1)
INSERT INTO country(id, iso_code, name, printable_name, iso3, numcode, version) VALUES (1025, 'BO','BOLIVIA','Bolivia','BOL','068', 1)
INSERT INTO country(id, iso_code, name, printable_name, iso3, numcode, version) VALUES (1026, 'BA','BOSNIA AND HERZEGOVINA','Bosnia and Herzegovina','BIH','070', 1)
INSERT INTO country(id, iso_code, name, printable_name, iso3, numcode, version) VALUES (1027, 'BW','BOTSWANA','Botswana','BWA','072', 1)
INSERT INTO country(id, iso_code, name, printable_name, iso3, numcode, version) VALUES (1029, 'BR','BRAZIL','Brazil','BRA','076', 1)
INSERT INTO country(id, iso_code, name, printable_name, iso3, numcode, version) VALUES (1031, 'BN','BRUNEI DARUSSALAM','Brunei Darussalam','BRN','096', 1)
INSERT INTO country(id, iso_code, name, printable_name, iso3, numcode, version) VALUES (1032, 'BG','BULGARIA','Bulgaria','BGR','100', 1)
INSERT INTO country(id, iso_code, name, printable_name, iso3, numcode, version) VALUES (1033, 'BF','BURKINA FASO','Burkina Faso','BFA','854', 1)
INSERT INTO country(id, iso_code, name, printable_name, iso3, numcode, version) VALUES (1034, 'BI','BURUNDI','Burundi','BDI','108', 1)
INSERT INTO country(id, iso_code, name, printable_name, iso3, numcode, version) VALUES (1035, 'KH','CAMBODIA','Cambodia','KHM','116', 1)
INSERT INTO country(id, iso_code, name, printable_name, iso3, numcode, version) VALUES (1036, 'CM','CAMEROON','Cameroon','CMR','120', 1)
INSERT INTO country(id, iso_code, name, printable_name, iso3, numcode, version) VALUES (1037, 'CA','CANADA','Canada','CAN','124', 1)
INSERT INTO country(id, iso_code, name, printable_name, iso3, numcode, version) VALUES (1038, 'CV','CAPE VERDE','Cape Verde','CPV','132', 1)
INSERT INTO country(id, iso_code, name, printable_name, iso3, numcode, version) VALUES (1039, 'KY','CAYMAN ISLANDS','Cayman Islands','CYM','136', 1)
INSERT INTO country(id, iso_code, name, printable_name, iso3, numcode, version) VALUES (1040, 'CF','CENTRAL AFRICAN REPUBLIC','Central African Republic','CAF','140', 1)
INSERT INTO country(id, iso_code, name, printable_name, iso3, numcode, version) VALUES (1041, 'TD','CHAD','Chad','TCD','148', 1)
INSERT INTO country(id, iso_code, name, printable_name, iso3, numcode, version) VALUES (1042, 'CL','CHILE','Chile','CHL','152', 1)
INSERT INTO country(id, iso_code, name, printable_name, iso3, numcode, version) VALUES (1043, 'CN','CHINA','China','CHN','156', 1)
INSERT INTO country(id, iso_code, name, printable_name, iso3, numcode, version) VALUES (1046, 'CO','COLOMBIA','Colombia','COL','170', 1)
INSERT INTO country(id, iso_code, name, printable_name, iso3, numcode, version) VALUES (1047, 'KM','COMOROS','Comoros','COM','174', 1)
INSERT INTO country(id, iso_code, name, printable_name, iso3, numcode, version) VALUES (1048, 'CG','CONGO','Congo','COG','178', 1)
INSERT INTO country(id, iso_code, name, printable_name, iso3, numcode, version) VALUES (1049, 'CD','CONGO, THE DEMOCRATIC REPUBLIC OF THE','Congo, the Democratic Republic of the','COD','180', 1)
INSERT INTO country(id, iso_code, name, printable_name, iso3, numcode, version) VALUES (1050, 'CK','COOK ISLANDS','Cook Islands','COK','184', 1)
INSERT INTO country(id, iso_code, name, printable_name, iso3, numcode, version) VALUES (1051, 'CR','COSTA RICA','Costa Rica','CRI','188', 1)
INSERT INTO country(id, iso_code, name, printable_name, iso3, numcode, version) VALUES (1052, 'CI','COTE D IVOIRE','Cote d Ivoire','CIV','384', 1)
INSERT INTO country(id, iso_code, name, printable_name, iso3, numcode, version) VALUES (1053, 'HR','CROATIA','Croatia','HRV','191', 1)
INSERT INTO country(id, iso_code, name, printable_name, iso3, numcode, version) VALUES (1054, 'CU','CUBA','Cuba','CUB','192', 1)
INSERT INTO country(id, iso_code, name, printable_name, iso3, numcode, version) VALUES (1055, 'CY','CYPRUS','Cyprus','CYP','196', 1)
INSERT INTO country(id, iso_code, name, printable_name, iso3, numcode, version) VALUES (1056, 'CZ','CZECH REPUBLIC','Czech Republic','CZE','203', 1)
INSERT INTO country(id, iso_code, name, printable_name, iso3, numcode, version) VALUES (1057, 'DK','DENMARK','Denmark','DNK','208', 1)
INSERT INTO country(id, iso_code, name, printable_name, iso3, numcode, version) VALUES (1058, 'DJ','DJIBOUTI','Djibouti','DJI','262', 1)
INSERT INTO country(id, iso_code, name, printable_name, iso3, numcode, version) VALUES (1059, 'DM','DOMINICA','Dominica','DMA','212', 1)
INSERT INTO country(id, iso_code, name, printable_name, iso3, numcode, version) VALUES (1060, 'DO','DOMINICAN REPUBLIC','Dominican Republic','DOM','214', 1)
INSERT INTO country(id, iso_code, name, printable_name, iso3, numcode, version) VALUES (1061, 'EC','ECUADOR','Ecuador','ECU','218', 1)
INSERT INTO country(id, iso_code, name, printable_name, iso3, numcode, version) VALUES (1062, 'EG','EGYPT','Egypt','EGY','818', 1)
INSERT INTO country(id, iso_code, name, printable_name, iso3, numcode, version) VALUES (1063, 'SV','EL SALVADOR','El Salvador','SLV','222', 1)
INSERT INTO country(id, iso_code, name, printable_name, iso3, numcode, version) VALUES (1064, 'GQ','EQUATORIAL GUINEA','Equatorial Guinea','GNQ','226', 1)
INSERT INTO country(id, iso_code, name, printable_name, iso3, numcode, version) VALUES (1065, 'ER','ERITREA','Eritrea','ERI','232', 1)
INSERT INTO country(id, iso_code, name, printable_name, iso3, numcode, version) VALUES (1066, 'EE','ESTONIA','Estonia','EST','233', 1)
INSERT INTO country(id, iso_code, name, printable_name, iso3, numcode, version) VALUES (1067, 'ET','ETHIOPIA','Ethiopia','ETH','231', 1)
INSERT INTO country(id, iso_code, name, printable_name, iso3, numcode, version) VALUES (1068, 'FK','FALKLAND ISLANDS (MALVINAS)','Falkland Islands (Malvinas)','FLK','238', 1)
INSERT INTO country(id, iso_code, name, printable_name, iso3, numcode, version) VALUES (1069, 'FO','FAROE ISLANDS','Faroe Islands','FRO','234', 1)
INSERT INTO country(id, iso_code, name, printable_name, iso3, numcode, version) VALUES (1070, 'FJ','FIJI','Fiji','FJI','242', 1)
INSERT INTO country(id, iso_code, name, printable_name, iso3, numcode, version) VALUES (1071, 'FI','FINLAND','Finland','FIN','246', 1)
INSERT INTO country(id, iso_code, name, printable_name, iso3, numcode, version) VALUES (1072, 'FR','FRANCE','France','FRA','250', 1)
INSERT INTO country(id, iso_code, name, printable_name, iso3, numcode, version) VALUES (1073, 'GF','FRENCH GUIANA','French Guiana','GUF','254', 1)
INSERT INTO country(id, iso_code, name, printable_name, iso3, numcode, version) VALUES (1074, 'PF','FRENCH POLYNESIA','French Polynesia','PYF','258', 1)
INSERT INTO country(id, iso_code, name, printable_name, iso3, numcode, version) VALUES (1076, 'GA','GABON','Gabon','GAB','266', 1)
INSERT INTO country(id, iso_code, name, printable_name, iso3, numcode, version) VALUES (1077, 'GM','GAMBIA','Gambia','GMB','270', 1)
INSERT INTO country(id, iso_code, name, printable_name, iso3, numcode, version) VALUES (1078, 'GE','GEORGIA','Georgia','GEO','268', 1)
INSERT INTO country(id, iso_code, name, printable_name, iso3, numcode, version) VALUES (1079, 'DE','GERMANY','Germany','DEU','276', 1)
INSERT INTO country(id, iso_code, name, printable_name, iso3, numcode, version) VALUES (1080, 'GH','GHANA','Ghana','GHA','288', 1)
INSERT INTO country(id, iso_code, name, printable_name, iso3, numcode, version) VALUES (1081, 'GI','GIBRALTAR','Gibraltar','GIB','292', 1)
INSERT INTO country(id, iso_code, name, printable_name, iso3, numcode, version) VALUES (1082, 'GR','GREECE','Greece','GRC','300', 1)
INSERT INTO country(id, iso_code, name, printable_name, iso3, numcode, version) VALUES (1083, 'GL','GREENLAND','Greenland','GRL','304', 1)
INSERT INTO country(id, iso_code, name, printable_name, iso3, numcode, version) VALUES (1084, 'GD','GRENADA','Grenada','GRD','308', 1)
INSERT INTO country(id, iso_code, name, printable_name, iso3, numcode, version) VALUES (1085, 'GP','GUADELOUPE','Guadeloupe','GLP','312', 1)
INSERT INTO country(id, iso_code, name, printable_name, iso3, numcode, version) VALUES (1086, 'GU','GUAM','Guam','GUM','316', 1)
INSERT INTO country(id, iso_code, name, printable_name, iso3, numcode, version) VALUES (1087, 'GT','GUATEMALA','Guatemala','GTM','320', 1)
INSERT INTO country(id, iso_code, name, printable_name, iso3, numcode, version) VALUES (1088, 'GN','GUINEA','Guinea','GIN','324', 1)
INSERT INTO country(id, iso_code, name, printable_name, iso3, numcode, version) VALUES (1089, 'GW','GUINEA-BISSAU','Guinea-Bissau','GNB','624', 1)
INSERT INTO country(id, iso_code, name, printable_name, iso3, numcode, version) VALUES (1090, 'GY','GUYANA','Guyana','GUY','328', 1)
INSERT INTO country(id, iso_code, name, printable_name, iso3, numcode, version) VALUES (1091, 'HT','HAITI','Haiti','HTI','332', 1)
INSERT INTO country(id, iso_code, name, printable_name, iso3, numcode, version) VALUES (1093, 'VA','HOLY SEE (VATICAN CITY STATE)','Holy See (Vatican City State)','VAT','336', 1)
INSERT INTO country(id, iso_code, name, printable_name, iso3, numcode, version) VALUES (1094, 'HN','HONDURAS','Honduras','HND','340', 1)
INSERT INTO country(id, iso_code, name, printable_name, iso3, numcode, version) VALUES (1095, 'HK','HONG KONG','Hong Kong','HKG','344', 1)
INSERT INTO country(id, iso_code, name, printable_name, iso3, numcode, version) VALUES (1096, 'HU','HUNGARY','Hungary','HUN','348', 1)
INSERT INTO country(id, iso_code, name, printable_name, iso3, numcode, version) VALUES (1097, 'IS','ICELAND','Iceland','ISL','352', 1)
INSERT INTO country(id, iso_code, name, printable_name, iso3, numcode, version) VALUES (1098, 'IN','INDIA','India','IND','356', 1)
INSERT INTO country(id, iso_code, name, printable_name, iso3, numcode, version) VALUES (1099, 'ID','INDONESIA','Indonesia','IDN','360', 1)
INSERT INTO country(id, iso_code, name, printable_name, iso3, numcode, version) VALUES (1100, 'IR','IRAN, ISLAMIC REPUBLIC OF','Iran, Islamic Republic of','IRN','364', 1)
INSERT INTO country(id, iso_code, name, printable_name, iso3, numcode, version) VALUES (1101, 'IQ','IRAQ','Iraq','IRQ','368', 1)
INSERT INTO country(id, iso_code, name, printable_name, iso3, numcode, version) VALUES (1102, 'IE','IRELAND','Ireland','IRL','372', 1)
INSERT INTO country(id, iso_code, name, printable_name, iso3, numcode, version) VALUES (1103, 'IL','ISRAEL','Israel','ISR','376', 1)
INSERT INTO country(id, iso_code, name, printable_name, iso3, numcode, version) VALUES (1104, 'IT','ITALY','Italy','ITA','380', 1)
INSERT INTO country(id, iso_code, name, printable_name, iso3, numcode, version) VALUES (1105, 'JM','JAMAICA','Jamaica','JAM','388', 1)
INSERT INTO country(id, iso_code, name, printable_name, iso3, numcode, version) VALUES (1106, 'JP','JAPAN','Japan','JPN','392', 1)
INSERT INTO country(id, iso_code, name, printable_name, iso3, numcode, version) VALUES (1107, 'JO','JORDAN','Jordan','JOR','400', 1)
INSERT INTO country(id, iso_code, name, printable_name, iso3, numcode, version) VALUES (1108, 'KZ','KAZAKHSTAN','Kazakhstan','KAZ','398', 1)
INSERT INTO country(id, iso_code, name, printable_name, iso3, numcode, version) VALUES (1109, 'KE','KENYA','Kenya','KEN','404', 1)
INSERT INTO country(id, iso_code, name, printable_name, iso3, numcode, version) VALUES (1110, 'KI','KIRIBATI','Kiribati','KIR','296', 1)
INSERT INTO country(id, iso_code, name, printable_name, iso3, numcode, version) VALUES (1111, 'KP','KOREA, DEMOCRATIC PEOPLE S REPUBLIC OF','Korea, Democratic People s Republic of','PRK','408', 1)
INSERT INTO country(id, iso_code, name, printable_name, iso3, numcode, version) VALUES (1112, 'KR','KOREA, REPUBLIC OF','Korea, Republic of','KOR','410', 1)
INSERT INTO country(id, iso_code, name, printable_name, iso3, numcode, version) VALUES (1113, 'KW','KUWAIT','Kuwait','KWT','414', 1)
INSERT INTO country(id, iso_code, name, printable_name, iso3, numcode, version) VALUES (1114, 'KG','KYRGYZSTAN','Kyrgyzstan','KGZ','417', 1)
INSERT INTO country(id, iso_code, name, printable_name, iso3, numcode, version) VALUES (1115, 'LA','LAO PEOPLE S DEMOCRATIC REPUBLIC','Lao People s Democratic Republic','LAO','418', 1)
INSERT INTO country(id, iso_code, name, printable_name, iso3, numcode, version) VALUES (1116, 'LV','LATVIA','Latvia','LVA','428', 1)
INSERT INTO country(id, iso_code, name, printable_name, iso3, numcode, version) VALUES (1117, 'LB','LEBANON','Lebanon','LBN','422', 1)
INSERT INTO country(id, iso_code, name, printable_name, iso3, numcode, version) VALUES (1118, 'LS','LESOTHO','Lesotho','LSO','426', 1)
INSERT INTO country(id, iso_code, name, printable_name, iso3, numcode, version) VALUES (1119, 'LR','LIBERIA','Liberia','LBR','430', 1)
INSERT INTO country(id, iso_code, name, printable_name, iso3, numcode, version) VALUES (1120, 'LY','LIBYAN ARAB JAMAHIRIYA','Libyan Arab Jamahiriya','LBY','434', 1)
INSERT INTO country(id, iso_code, name, printable_name, iso3, numcode, version) VALUES (1121, 'LI','LIECHTENSTEIN','Liechtenstein','LIE','438', 1)
INSERT INTO country(id, iso_code, name, printable_name, iso3, numcode, version) VALUES (1122, 'LT','LITHUANIA','Lithuania','LTU','440', 1)
INSERT INTO country(id, iso_code, name, printable_name, iso3, numcode, version) VALUES (1123, 'LU','LUXEMBOURG','Luxembourg','LUX','442', 1)
INSERT INTO country(id, iso_code, name, printable_name, iso3, numcode, version) VALUES (1124, 'MO','MACAO','Macao','MAC','446', 1)
INSERT INTO country(id, iso_code, name, printable_name, iso3, numcode, version) VALUES (1125, 'MK','MACEDONIA, THE FORMER YUGOSLAV REPUBLIC OF','Macedonia, the Former Yugoslav Republic of','MKD','807', 1)
INSERT INTO country(id, iso_code, name, printable_name, iso3, numcode, version) VALUES (1126, 'MG','MADAGASCAR','Madagascar','MDG','450', 1)
INSERT INTO country(id, iso_code, name, printable_name, iso3, numcode, version) VALUES (1127, 'MW','MALAWI','Malawi','MWI','454', 1)
INSERT INTO country(id, iso_code, name, printable_name, iso3, numcode, version) VALUES (1128, 'MY','MALAYSIA','Malaysia','MYS','458', 1)
INSERT INTO country(id, iso_code, name, printable_name, iso3, numcode, version) VALUES (1129, 'MV','MALDIVES','Maldives','MDV','462', 1)
INSERT INTO country(id, iso_code, name, printable_name, iso3, numcode, version) VALUES (1130, 'ML','MALI','Mali','MLI','466', 1)
INSERT INTO country(id, iso_code, name, printable_name, iso3, numcode, version) VALUES (1131, 'MT','MALTA','Malta','MLT','470', 1)
INSERT INTO country(id, iso_code, name, printable_name, iso3, numcode, version) VALUES (1132, 'MH','MARSHALL ISLANDS','Marshall Islands','MHL','584', 1)
INSERT INTO country(id, iso_code, name, printable_name, iso3, numcode, version) VALUES (1133, 'MQ','MARTINIQUE','Martinique','MTQ','474', 1)
INSERT INTO country(id, iso_code, name, printable_name, iso3, numcode, version) VALUES (1134, 'MR','MAURITANIA','Mauritania','MRT','478', 1)
INSERT INTO country(id, iso_code, name, printable_name, iso3, numcode, version) VALUES (1135, 'MU','MAURITIUS','Mauritius','MUS','480', 1)
INSERT INTO country(id, iso_code, name, printable_name, iso3, numcode, version) VALUES (1137, 'MX','MEXICO','Mexico','MEX','484', 1)
INSERT INTO country(id, iso_code, name, printable_name, iso3, numcode, version) VALUES (1138, 'FM','MICRONESIA, FEDERATED STATES OF','Micronesia, Federated States of','FSM','583', 1)
INSERT INTO country(id, iso_code, name, printable_name, iso3, numcode, version) VALUES (1139, 'MD','MOLDOVA, REPUBLIC OF','Moldova, Republic of','MDA','498', 1)
INSERT INTO country(id, iso_code, name, printable_name, iso3, numcode, version) VALUES (1140, 'MC','MONACO','Monaco','MCO','492', 1)
INSERT INTO country(id, iso_code, name, printable_name, iso3, numcode, version) VALUES (1141, 'MN','MONGOLIA','Mongolia','MNG','496', 1)
INSERT INTO country(id, iso_code, name, printable_name, iso3, numcode, version) VALUES (1142, 'MS','MONTSERRAT','Montserrat','MSR','500', 1)
INSERT INTO country(id, iso_code, name, printable_name, iso3, numcode, version) VALUES (1143, 'MA','MOROCCO','Morocco','MAR','504', 1)
INSERT INTO country(id, iso_code, name, printable_name, iso3, numcode, version) VALUES (1144, 'MZ','MOZAMBIQUE','Mozambique','MOZ','508', 1)
INSERT INTO country(id, iso_code, name, printable_name, iso3, numcode, version) VALUES (1145, 'MM','MYANMAR','Myanmar','MMR','104', 1)
INSERT INTO country(id, iso_code, name, printable_name, iso3, numcode, version) VALUES (1146, 'NA','NAMIBIA','Namibia','NAM','516', 1)
INSERT INTO country(id, iso_code, name, printable_name, iso3, numcode, version) VALUES (1147, 'NR','NAURU','Nauru','NRU','520', 1)
INSERT INTO country(id, iso_code, name, printable_name, iso3, numcode, version) VALUES (1148, 'NP','NEPAL','Nepal','NPL','524', 1)
INSERT INTO country(id, iso_code, name, printable_name, iso3, numcode, version) VALUES (1149, 'NL','NETHERLANDS','Netherlands','NLD','528', 1)
INSERT INTO country(id, iso_code, name, printable_name, iso3, numcode, version) VALUES (1150, 'AN','NETHERLANDS ANTILLES','Netherlands Antilles','ANT','530', 1)
INSERT INTO country(id, iso_code, name, printable_name, iso3, numcode, version) VALUES (1151, 'NC','NEW CALEDONIA','New Caledonia','NCL','540', 1)
INSERT INTO country(id, iso_code, name, printable_name, iso3, numcode, version) VALUES (1152, 'NZ','NEW ZEALAND','New Zealand','NZL','554', 1)
INSERT INTO country(id, iso_code, name, printable_name, iso3, numcode, version) VALUES (1153, 'NI','NICARAGUA','Nicaragua','NIC','558', 1)
INSERT INTO country(id, iso_code, name, printable_name, iso3, numcode, version) VALUES (1154, 'NE','NIGER','Niger','NER','562', 1)
INSERT INTO country(id, iso_code, name, printable_name, iso3, numcode, version) VALUES (1155, 'NG','NIGERIA','Nigeria','NGA','566', 1)
INSERT INTO country(id, iso_code, name, printable_name, iso3, numcode, version) VALUES (1156, 'NU','NIUE','Niue','NIU','570', 1)
INSERT INTO country(id, iso_code, name, printable_name, iso3, numcode, version) VALUES (1157, 'NF','NORFOLK ISLAND','Norfolk Island','NFK','574', 1)
INSERT INTO country(id, iso_code, name, printable_name, iso3, numcode, version) VALUES (1158, 'MP','NORTHERN MARIANA ISLANDS','Northern Mariana Islands','MNP','580', 1)
INSERT INTO country(id, iso_code, name, printable_name, iso3, numcode, version) VALUES (1159, 'NO','NORWAY','Norway','NOR','578', 1)
INSERT INTO country(id, iso_code, name, printable_name, iso3, numcode, version) VALUES (1160, 'OM','OMAN','Oman','OMN','512', 1)
INSERT INTO country(id, iso_code, name, printable_name, iso3, numcode, version) VALUES (1161, 'PK','PAKISTAN','Pakistan','PAK','586', 1)
INSERT INTO country(id, iso_code, name, printable_name, iso3, numcode, version) VALUES (1162, 'PW','PALAU','Palau','PLW','585', 1)
INSERT INTO country(id, iso_code, name, printable_name, iso3, numcode, version) VALUES (1164, 'PA','PANAMA','Panama','PAN','591', 1)
INSERT INTO country(id, iso_code, name, printable_name, iso3, numcode, version) VALUES (1165, 'PG','PAPUA NEW GUINEA','Papua New Guinea','PNG','598', 1)
INSERT INTO country(id, iso_code, name, printable_name, iso3, numcode, version) VALUES (1166, 'PY','PARAGUAY','Paraguay','PRY','600', 1)
INSERT INTO country(id, iso_code, name, printable_name, iso3, numcode, version) VALUES (1167, 'PE','PERU','Peru','PER','604', 1)
INSERT INTO country(id, iso_code, name, printable_name, iso3, numcode, version) VALUES (1168, 'PH','PHILIPPINES','Philippines','PHL','608', 1)
INSERT INTO country(id, iso_code, name, printable_name, iso3, numcode, version) VALUES (1169, 'PN','PITCAIRN','Pitcairn','PCN','612', 1)
INSERT INTO country(id, iso_code, name, printable_name, iso3, numcode, version) VALUES (1170, 'PL','POLAND','Poland','POL','616', 1)
INSERT INTO country(id, iso_code, name, printable_name, iso3, numcode, version) VALUES (1171, 'PT','PORTUGAL','Portugal','PRT','620', 1)
INSERT INTO country(id, iso_code, name, printable_name, iso3, numcode, version) VALUES (1172, 'PR','PUERTO RICO','Puerto Rico','PRI','630', 1)
INSERT INTO country(id, iso_code, name, printable_name, iso3, numcode, version) VALUES (1173, 'QA','QATAR','Qatar','QAT','634', 1)
INSERT INTO country(id, iso_code, name, printable_name, iso3, numcode, version) VALUES (1174, 'RE','REUNION','Reunion','REU','638', 1)
INSERT INTO country(id, iso_code, name, printable_name, iso3, numcode, version) VALUES (1175, 'RO','ROMANIA','Romania','ROM','642', 1)
INSERT INTO country(id, iso_code, name, printable_name, iso3, numcode, version) VALUES (1176, 'RU','RUSSIAN FEDERATION','Russian Federation','RUS','643', 1)
INSERT INTO country(id, iso_code, name, printable_name, iso3, numcode, version) VALUES (1177, 'RW','RWANDA','Rwanda','RWA','646', 1)
INSERT INTO country(id, iso_code, name, printable_name, iso3, numcode, version) VALUES (1178, 'SH','SAINT HELENA','Saint Helena','SHN','654', 1)
INSERT INTO country(id, iso_code, name, printable_name, iso3, numcode, version) VALUES (1179, 'KN','SAINT KITTS AND NEVIS','Saint Kitts and Nevis','KNA','659', 1)
INSERT INTO country(id, iso_code, name, printable_name, iso3, numcode, version) VALUES (1180, 'LC','SAINT LUCIA','Saint Lucia','LCA','662', 1)
INSERT INTO country(id, iso_code, name, printable_name, iso3, numcode, version) VALUES (1181, 'PM','SAINT PIERRE AND MIQUELON','Saint Pierre and Miquelon','SPM','666', 1)
INSERT INTO country(id, iso_code, name, printable_name, iso3, numcode, version) VALUES (1182, 'VC','SAINT VINCENT AND THE GRENADINES','Saint Vincent and the Grenadines','VCT','670', 1)
INSERT INTO country(id, iso_code, name, printable_name, iso3, numcode, version) VALUES (1183, 'WS','SAMOA','Samoa','WSM','882', 1)
INSERT INTO country(id, iso_code, name, printable_name, iso3, numcode, version) VALUES (1184, 'SM','SAN MARINO','San Marino','SMR','674', 1)
INSERT INTO country(id, iso_code, name, printable_name, iso3, numcode, version) VALUES (1185, 'ST','SAO TOME AND PRINCIPE','Sao Tome and Principe','STP','678', 1)
INSERT INTO country(id, iso_code, name, printable_name, iso3, numcode, version) VALUES (1186, 'SA','SAUDI ARABIA','Saudi Arabia','SAU','682', 1)
INSERT INTO country(id, iso_code, name, printable_name, iso3, numcode, version) VALUES (1187, 'SN','SENEGAL','Senegal','SEN','686', 1)
INSERT INTO country(id, iso_code, name, printable_name, iso3, numcode, version) VALUES (1189, 'SC','SEYCHELLES','Seychelles','SYC','690', 1)
INSERT INTO country(id, iso_code, name, printable_name, iso3, numcode, version) VALUES (1190, 'SL','SIERRA LEONE','Sierra Leone','SLE','694', 1)
INSERT INTO country(id, iso_code, name, printable_name, iso3, numcode, version) VALUES (1191, 'SG','SINGAPORE','Singapore','SGP','702', 1)
INSERT INTO country(id, iso_code, name, printable_name, iso3, numcode, version) VALUES (1192, 'SK','SLOVAKIA','Slovakia','SVK','703', 1)
INSERT INTO country(id, iso_code, name, printable_name, iso3, numcode, version) VALUES (1193, 'SI','SLOVENIA','Slovenia','SVN','705', 1)
INSERT INTO country(id, iso_code, name, printable_name, iso3, numcode, version) VALUES (1194, 'SB','SOLOMON ISLANDS','Solomon Islands','SLB','090', 1)
INSERT INTO country(id, iso_code, name, printable_name, iso3, numcode, version) VALUES (1195, 'SO','SOMALIA','Somalia','SOM','706', 1)
INSERT INTO country(id, iso_code, name, printable_name, iso3, numcode, version) VALUES (1196, 'ZA','SOUTH AFRICA','South Africa','ZAF','710', 1)
INSERT INTO country(id, iso_code, name, printable_name, iso3, numcode, version) VALUES (1198, 'ES','SPAIN','Spain','ESP','724', 1)
INSERT INTO country(id, iso_code, name, printable_name, iso3, numcode, version) VALUES (1199, 'LK','SRI LANKA','Sri Lanka','LKA','144', 1)
INSERT INTO country(id, iso_code, name, printable_name, iso3, numcode, version) VALUES (1200, 'SD','SUDAN','Sudan','SDN','736', 1)
INSERT INTO country(id, iso_code, name, printable_name, iso3, numcode, version) VALUES (1201, 'SR','SURINAME','Suriname','SUR','740', 1)
INSERT INTO country(id, iso_code, name, printable_name, iso3, numcode, version) VALUES (1202, 'SJ','SVALBARD AND JAN MAYEN','Svalbard and Jan Mayen','SJM','744', 1)
INSERT INTO country(id, iso_code, name, printable_name, iso3, numcode, version) VALUES (1203, 'SZ','SWAZILAND','Swaziland','SWZ','748', 1)
INSERT INTO country(id, iso_code, name, printable_name, iso3, numcode, version) VALUES (1204, 'SE','SWEDEN','Sweden','SWE','752', 1)
INSERT INTO country(id, iso_code, name, printable_name, iso3, numcode, version) VALUES (1205, 'CH','SWITZERLAND','Switzerland','CHE','756', 1)
INSERT INTO country(id, iso_code, name, printable_name, iso3, numcode, version) VALUES (1206, 'SY','SYRIAN ARAB REPUBLIC','Syrian Arab Republic','SYR','760', 1)
INSERT INTO country(id, iso_code, name, printable_name, iso3, numcode, version) VALUES (1207, 'TW','TAIWAN, PROVINCE OF CHINA','Taiwan, Province of China','TWN','158', 1)
INSERT INTO country(id, iso_code, name, printable_name, iso3, numcode, version) VALUES (1208, 'TJ','TAJIKISTAN','Tajikistan','TJK','762', 1)
INSERT INTO country(id, iso_code, name, printable_name, iso3, numcode, version) VALUES (1209, 'TZ','TANZANIA, UNITED REPUBLIC OF','Tanzania, United Republic of','TZA','834', 1)
INSERT INTO country(id, iso_code, name, printable_name, iso3, numcode, version) VALUES (1210, 'TH','THAILAND','Thailand','THA','764', 1)
INSERT INTO country(id, iso_code, name, printable_name, iso3, numcode, version) VALUES (1212, 'TG','TOGO','Togo','TGO','768', 1)
INSERT INTO country(id, iso_code, name, printable_name, iso3, numcode, version) VALUES (1213, 'TK','TOKELAU','Tokelau','TKL','772', 1)
INSERT INTO country(id, iso_code, name, printable_name, iso3, numcode, version) VALUES (1214, 'TO','TONGA','Tonga','TON','776', 1)
INSERT INTO country(id, iso_code, name, printable_name, iso3, numcode, version) VALUES (1215, 'TT','TRINIDAD AND TOBAGO','Trinidad and Tobago','TTO','780', 1)
INSERT INTO country(id, iso_code, name, printable_name, iso3, numcode, version) VALUES (1216, 'TN','TUNISIA','Tunisia','TUN','788', 1)
INSERT INTO country(id, iso_code, name, printable_name, iso3, numcode, version) VALUES (1217, 'TR','TURKEY','Turkey','TUR','792', 1)
INSERT INTO country(id, iso_code, name, printable_name, iso3, numcode, version) VALUES (1218, 'TM','TURKMENISTAN','Turkmenistan','TKM','795', 1)
INSERT INTO country(id, iso_code, name, printable_name, iso3, numcode, version) VALUES (1219, 'TC','TURKS AND CAICOS ISLANDS','Turks and Caicos Islands','TCA','796', 1)
INSERT INTO country(id, iso_code, name, printable_name, iso3, numcode, version) VALUES (1220, 'TV','TUVALU','Tuvalu','TUV','798', 1)
INSERT INTO country(id, iso_code, name, printable_name, iso3, numcode, version) VALUES (1221, 'UG','UGANDA','Uganda','UGA','800', 1)
INSERT INTO country(id, iso_code, name, printable_name, iso3, numcode, version) VALUES (1222, 'UA','UKRAINE','Ukraine','UKR','804', 1)
INSERT INTO country(id, iso_code, name, printable_name, iso3, numcode, version) VALUES (1223, 'AE','UNITED ARAB EMIRATES','United Arab Emirates','ARE','784', 1)
INSERT INTO country(id, iso_code, name, printable_name, iso3, numcode, version) VALUES (1224, 'GB','UNITED KINGDOM','United Kingdom','GBR','826', 1)
INSERT INTO country(id, iso_code, name, printable_name, iso3, numcode, version) VALUES (1225, 'US','UNITED STATES','United States','USA','840', 1)
INSERT INTO country(id, iso_code, name, printable_name, iso3, numcode, version) VALUES (1227, 'UY','URUGUAY','Uruguay','URY','858', 1)
INSERT INTO country(id, iso_code, name, printable_name, iso3, numcode, version) VALUES (1228, 'UZ','UZBEKISTAN','Uzbekistan','UZB','860', 1)
INSERT INTO country(id, iso_code, name, printable_name, iso3, numcode, version) VALUES (1229, 'VU','VANUATU','Vanuatu','VUT','548', 1)
INSERT INTO country(id, iso_code, name, printable_name, iso3, numcode, version) VALUES (1230, 'VE','VENEZUELA','Venezuela','VEN','862', 1)
INSERT INTO country(id, iso_code, name, printable_name, iso3, numcode, version) VALUES (1231, 'VN','VIET NAM','Viet Nam','VNM','704', 1)
INSERT INTO country(id, iso_code, name, printable_name, iso3, numcode, version) VALUES (1232, 'VG','VIRGIN ISLANDS, BRITISH','Virgin Islands, British','VGB','092', 1)
INSERT INTO country(id, iso_code, name, printable_name, iso3, numcode, version) VALUES (1233, 'VI','VIRGIN ISLANDS, U.S.','Virgin Islands, U.s.','VIR','850', 1)
INSERT INTO country(id, iso_code, name, printable_name, iso3, numcode, version) VALUES (1234, 'WF','WALLIS AND FUTUNA','Wallis and Futuna','WLF','876', 1)
INSERT INTO country(id, iso_code, name, printable_name, iso3, numcode, version) VALUES (1235, 'EH','WESTERN SAHARA','Western Sahara','ESH','732', 1)
INSERT INTO country(id, iso_code, name, printable_name, iso3, numcode, version) VALUES (1236, 'YE','YEMEN','Yemen','YEM','887', 1)
INSERT INTO country(id, iso_code, name, printable_name, iso3, numcode, version) VALUES (1237, 'ZM','ZAMBIA','Zambia','ZMB','894', 1)
INSERT INTO country(id, iso_code, name, printable_name, iso3, numcode, version) VALUES (1238, 'ZW','ZIMBABWE','Zimbabwe','ZWE','716', 1)


INSERT INTO customer (id, version, login, password, first_name, last_name, telephone, email, date_of_birth, street1, city, zip_code, country_id) VALUES (1000, 1, 'admin', 'jGl25bVBBBW96Qi9Te4V37Fnqchz/Eu4qB9vKrRIqRg=', 'Admin', 'Admin', '+1 123 3564 4567', 'admin@atassawak.ma', '1935-07-01', 'The Admin Alley', 'CA', '87653', 1230)
INSERT INTO customer (id, version, login, password, first_name, last_name, telephone, email, date_of_birth, street1, city, zip_code, country_id) VALUES (1001, 1, 'user', 'BPiZbadjt6lpsQKO4wB1aerzpjVIbdqyEdUSyFud+Ps=', 'User', 'User', '+1 123 3564 4567', 'user@petstore.com', '1934-09-02', 'The User Boulevard', 'CA', '87653', 1230)
INSERT INTO customer (id, version, login, password, first_name, last_name, telephone, email, date_of_birth, street1, city, zip_code, country_id) VALUES (1002, 1, 'moho', 'NwsSbfB4Wa+lac2CWCvEPfss47qAadu8vva3IVt6dsY=', 'moho', 'Skywalker', '+1 123 3564 4567', 'anakin@skywalker.com', '1935-07-01', '3 Wars Street', 'Black Star', '9999', 1230)
INSERT INTO customer (id, version, login, password, first_name, last_name, telephone, email, date_of_birth, street1, city, zip_code, country_id) VALUES (1003, 1, 'moh', 'tNUFJEkJ96Dgu4quiEbgNxyEKJIaKUA4I7UziEIa6Kc=', 'moh', 'Kenobi', '+1 765 897 321', 'obiwan@kenobi.com', '1914-04-02', '14 Star Boulevard', 'Black Star', '9999', 1115)
INSERT INTO customer (id, version, login, password, first_name, last_name, telephone, email, date_of_birth, street1, city, zip_code, country_id) VALUES (1004, 1, 'ambn', 'zM9S89A8UHLuZKE290/FayfgTxX/5dHSd9WKsY2Usyc=', 'ambn', 'ambn', '+1 786 1212 987', 'ambn@skywalker.com', '1951-09-07', '543 Sun Set Boulevard', 'Black Star', '9999', 1200)
INSERT INTO customer (id, version, login, password, first_name, last_name, telephone, email, date_of_birth, street1, city, zip_code, country_id) VALUES (1005, 1, 'ddd', 'wQaIooUS4VUGRcaf3xPnq2t07YcJS74B8o6IZJC3Ajk=', 'ddd', 'ddd', '+1 786 1212 987', 'ddd@solo.com', '1923-04-12', '543 Sun Set Boulevard', 'Black Star', '9999', 1238)
